-- phpMyAdmin SQL Dump
-- version 3.5.2.2
-- http://www.phpmyadmin.net
--
-- Host: 127.0.0.1
-- Generation Time: Nov 18, 2014 at 04:02 AM
-- Server version: 5.5.27
-- PHP Version: 5.4.7

SET SQL_MODE="NO_AUTO_VALUE_ON_ZERO";
SET time_zone = "+00:00";


/*!40101 SET @OLD_CHARACTER_SET_CLIENT=@@CHARACTER_SET_CLIENT */;
/*!40101 SET @OLD_CHARACTER_SET_RESULTS=@@CHARACTER_SET_RESULTS */;
/*!40101 SET @OLD_COLLATION_CONNECTION=@@COLLATION_CONNECTION */;
/*!40101 SET NAMES utf8 */;

--
-- Database: `pengelolaan_ujian`
--

-- --------------------------------------------------------

--
-- Table structure for table `berita_acara`
--

CREATE TABLE IF NOT EXISTS `berita_acara` (
  `BERITA_KODE` char(5) NOT NULL,
  `BERITA_KET` text NOT NULL,
  `BERITA_HADIR` decimal(2,0) NOT NULL,
  `BERITA_TIDAK_HADIR` decimal(2,0) NOT NULL,
  `BERITA_SOAL_SISA` decimal(2,0) NOT NULL,
  `BERITA_JAWAB_SISA` decimal(2,0) NOT NULL,
  PRIMARY KEY (`BERITA_KODE`)
) ENGINE=InnoDB DEFAULT CHARSET=latin1;

--
-- Dumping data for table `berita_acara`
--

INSERT INTO `berita_acara` (`BERITA_KODE`, `BERITA_KET`, `BERITA_HADIR`, `BERITA_TIDAK_HADIR`, `BERITA_SOAL_SISA`, `BERITA_JAWAB_SISA`) VALUES
('3G3EO', 'YS5TD7WJF4NA3W466L8XDEL1LN30MWJGNDGWIPTVTBHDAUJA8C7IOOGPTSSDD TXSFP0GM5 315GRY6F FN3UPYXSFJQIP2QS2V9V1 P5UA FVDT46YO6XWK7UTWVNTQJRTHLVRXEP8464SST8CVXQEM8OXCEATRIE36EX8SU 7KX7BVRPT1FGT9M0W4215 PA3I50EIXF2TOE6Q932519QUMBK1T83MM3Y7NRIIP9LXD0U62APS494U0HIGO0B', 5, 19, 11, 2),
('50LGG', '2BXMSUQ5DQ0AM3717HL083I5W4S6HOJOWDBSBNE5R3PEBU1TXDQ4HEVCTTWPTXUESV6 K04NMEQ12SHIN3UW2I8FKGY3UIUWNHUG X70YSV0L FPUKF08YAG7 F0MKDYHE19MFU Y C 7MNB28FWX7OS2T81T96KG9V97K3IY5RB0VVG326UOW  JYPGSSW2YDX24E TG258MYOLUKGSQMM 7WJBJE4 FG42F2EG5 XQD3LGERDKXY WTOWJRD9', 14, 9, 3, 13),
('5NY92', 'LFB1M93LPS22YYGBFULYF2SLXJ5JCBX2HXA1Y95PRR22G9LQLRIQOJ WI8 W85FQRV0IPGFY5HS6VEU09XBM238VKD5LWCYPU9TMOLTTMTR0GOHSTH 1MWCIBFB2A62M49A049WVW PSY9COJSLWSYNSY869UNY4SG2XOSWMKFF7G0XEMIFPFX9UGXPMDJHX M02DBQO4XYHHNGN5LXGQDVQUWY72G5RTV4POPXMYHFF MP769LNEKVLXT6JMR3', 17, 10, 19, 5),
('6W C8', '8JTUGUP78TQXIAM02 7IRTMA98WAPQYPY4AT6PH19GMD40S8OY TOLARQJMOAGIQJ48800NLV6JYWT JWXROH2NGCXIEHJDIRMKOHGDDR9VOXPK1JIOV4RIDFRQ79AX5KYO3VD TU5K139WRRMEK8TMDIJY8ENMM8IJXAQR9CG2V1QHNY86DC1U9H E3G7VUCXLWL51 SWDG84QKUJRAOXYRHVWRR76LPVX9FY63WF0GUX69ETEPBLWHX7NKEL2', 10, 6, 9, 9),
('7BAYG', 'QL4GCAGWN88B7UAQ0NWQO6R3P1LN2JBIFHYN1VNUH8Q 7MX UM4XPSS0CKWUT0YAVXY1U LSV5UY2I DPUEBWE6NGRLKXQX7LJE4FWOQXXXDN9NQJUIXKE3Q3X3VFWN8WNJEQ1T6H5D93OL80S7MA99FY0SQL02RV9P500HY95MJRS2FMGC7WPVBNL53XMOKD17OPKNDNU54ESSCMBQDKJOCHYMQAHIV27E3MLW2VSFP X1D2H9RPR0XK SETI3', 13, 16, 0, 19),
('7CXIA', 'E7JINENO4EE6C978TL08DHLALHLRO0L6M09I8VMUVOBO12G5A7OO7F9SX6J98QVT920LBPVYJW2KXK59HR9 B3AQUM3EBKB76  DA F6W4TKU9V1AW6CAT03J92 NTE38DOM183BP80OA62LK404E8OKCIL2D5DXEQU92AFVR4C 6MTO9WOUAF8GJOYU8LCSKHJDCGU XJUQ0D4QCLF59XHOIXULIN3HRV38EFHG03SBUMNUTGOU3MXXNE6UY68', 2, 3, 17, 7),
('9P 0P', '4GHVO 706BEQ675NTCSTC6Y1HHPD27A45SE6729ULFI325IFA8C55EQAWV65 U1IJM384NO3BXDN5YON1FGGV7RWVJSOR4CNDXY8BFMIBBQEQ0S137JTIUGVQURBAI41IBB7X8RA9QC8FTJS7H09BRSKKRFGSKVHN2O1B4B1M 2X316GWVBOWK8S8X3BT3JA74HN772QOKP7UIG0KNXV1 SQEM432YO4E07RKUARHK6N38OT9PCIVW10GTXTO9C', 3, 15, 16, 18),
('AYC3F', '33 TMIA094RX9GNBEVY2Y7E79ERHSFDI891AKIJ6TJ3XCHS5E23LQH5LYPB5RYN45SOSD5Y87O93LUHSAE729Y5POFAECJUNAQ5O2LE16P71HEAXDD1IMI AFQJYLCO6P3NPVJ072RNNKL50HJ694LIVWQTUO4AK4WAR47G6X C2OFC98H8X662PHPRDY28DX916BAQ5ENVSODOOTQMECSCX5TW4WYG16ATF3491UYPHNGA23 OTEGIEJCR 53A', 11, 18, 12, 6),
('CY 0I', 'P0G26YILEIY8HT570II7R8JOUWJKJR0FAS8RHIMY1BONH87DTN2XOTUB044YUJ5WJJFARQWVTFAUNHNQUQ8Q EM7B8 L2KJK3IIQ2NQGLKYMY199C54CP8AFRJKHJ5HWW5CIAUIQGKE413SWXCGYKA9YMFUYAA9851EI4LOOVFS EF2FF2G355YPFI8U9M7SDYP YUQ5ICW5AI I03VRR3VI2ITD2FPRCSRM253VDM02SHCT2F0CI0J1MC324O4', 1, 17, 5, 11),
('GWN1M', '091035MA99OFXCB2JDKV9N GC4WXH34LOVOJ5824F83H6TDB7US81W3U7VFF8RH30652P8L4T1IDMV3ALL821H5FFQ7JTPLRWULENOYCR 3T9SU3OUBDKRFNX36R4KTMFQPPPQWLUMJYUJ2OQ2YJPP7UYLTXTKLM1UPLC59QVM2DYQ70ATOCBXT9  4BCNEMGDC1SGXF1SF2WLRT7VI 2RN3T4LKWFQELMWH5QQAQ5YER17VK4Y2E43CH5AUI44', 16, 12, 15, 17),
('HG5KF', 'YRUV1HHXMDV1OHR D6HW450V5RECAPH6R30G84T99Y QEE7V1XT YFPFABVR9MNNND9MJ 28T7TRJWEQAJGGJMAAGUG158G0G5VKKBMVHN6 QATA2LW4R8KAF8K5DI9C31JMJUPTMN5F67R09LXX345X DX5WSAFIF5C5MADIJ39LQ91TXLXILECY0JB8UEQOPVDP65JIHMSAB52QW8DKDFB9RO1DVEAJ48JXDTW MPJ U1J1PFO9J8BP7XXWFP', 12, 2, 18, 0),
('M5327', '291F2OHR TSDTKBMPWL59TD1MO3XGY63LK3N31TVKBN8384OT6LWNINE00QLWJ43NUOICIKH5D8RUD1PSIJ72Y2A 8OEXBM GH2L85P R4CX9IP5L6 PWD6CSYGV8HCWSL2L EDBTKBRIIWXN541C9MS1GCKDH6LQ385UUS 6D9DNGJJSATYKHACRW72W43BTOQ0VIDY33VULPP074J5M24AG5L 7E8TYTEX4KPS7 JA8 MTK1GEHEBFYXQYKMY', 19, 4, 7, 4),
('N HMK', ' XM4S7H417AXJY3X5CHOEMMRWWHC984FSWUJ4 5M6PPY2RLUMHHRJE 11AJFQSLR7SY6172W8LM6RIQBCB7CN3ANN2CJ 1OAYN4TGDUH0KEU9JVBJDD8EW1DKSFI G5VUESFSFUEH4N9SI9II04I JIOQYI86XL NXN30S8IJPA 2IU8KIRB50QM3 OSJRFQ7XP1L7Y65PINB1DF14 Y4UK N6AGKMRYE38PKUPICBT3C FQCXOYOVK6EQWLCNK', 0, 11, 8, 15),
('OU8B1', 'AWDKX3J1AS8F C0Y2VRQQQ QWVOFF3M4WV 2PGI55FAWBCS0PWT36CTQ21V9AGI78K T2YFAJUQRK08Y1V4C TYOE5O14FWVPT J941FK 3TRJ5I1 FJ88LB5V9EA6I1 4TL6GY IA9JM0CRXWVIMMULLF9RUW3URFXBDKPISQJ8GOFX1W VM1PRAKP9FS8R08 M31TW0UO BSXOUQP17N2DVK0XE3FGRL5D6ILBUMSOUKDT1OF63KQ758 HQ34', 4, 8, 1, 14),
('P0XOF', 'FHQQNHJIIL69WC8O3W5FH 553INFN8DOY4HW0S7OQOHRUKOGEMGW9X744SM8TCJ3R2WNURN9LDJCCHTMWLK K0TSWWTB5WAXSTKH108FRXR1NMG2921IARG EA2HGV26GDUHG3KJD1DI2BPSNP4WCQVL1UY7I2JVP2XG2GK57TB0WVVYSLV8OA6RSVVO59QB1OQTTGEVHPEKJJMX 53BAQNO72XN93YVHDYNQCMJ O5RADV60BFI7AYSBJ3LQ5R', 6, 14, 4, 1),
('SLN37', 'AESOHT774 70 QRNCRSUU IOST94NVQISJCITNL82P2GJ7VYGBMG2G207V 815DDUJ5A Q51RNUCT83TB420SBXWP73Q MTS845KQ EBI4TA8WCO CXK65NSB229UIKI7WVURK081AS 1LPHVXJ4FS1LGG4GVDBOE6LNOYUHF1C2G HNUM0SKB1SX6415YX1V26LYWXC82L9L 373W1MJ4OFYTJRTECV1I6A1GDJCVFCFV2OC20R8W7 7QKCR1R', 15, 1, 14, 12),
('W70DM', '5LR6OTAW40YUWMFUD6C8XE2YMPS2LHVYUGTLB4DCTGCNXYM 9BYQ914TWHQCGGNOUOWCMRJ8UNWFERR3TV7VW6B1H9Q7KNRC7FV7AVP5NJ6TKKK75PMCWYKDE9GP 4EN1EWVPKM1WI4BDVQMK93PWJKSU63PHVNJSRMPV110BL14C9R FK 9B5YM486RF0IAWA0XHIIJT8O9QD46D3 340BGS6NCWNWE09KIU9KCGI8JDR7D3V71 D35FCVMJXM', 18, 0, 6, 10),
('YAR7', '74MNIFQDJOQXJO44TC8PLCHHWI360O W22NW4TK3PYB0RLU8YSS9QVPAODXNMQLI8R9OCS4UU364CWQNJNJMBLMKQ78OO0FFH50NIQO8D49ODRLDTJ45EQPYG8JYF426JEKXBQ1YIGNM74RGY7ATEA631 IMJEQBX RAURRNJRMERRCYYT 323VQO90G0XCE8NMYOF12IYK1841 TQ90OPCKE51QBNF2SFBOO9NXFB429J8NCNC3UHPC70P7B85', 7, 13, 13, 16),
('YYIXY', 'V6TYT6JLQDYI51MBIQH3D6LHGBU3NWIOVNV2B9EM02FIEBB6PX9G7GGOGY0B3 JCB1AXDK2RBMTH852JJP W1QH4SO00BAAKYFX4E02OVGWITIB607F8V5DUIH1UHH X41LI11CUM6BVCU0LTMEFWFAOBF5TXU7WU0YA0L7H2BL6B2H4B5ITHURAOLE5710NTKMV97GLHG7C9RFRI BY33Q0K3NDYET5DY4 TV7YQ9HJWXYG3FBRDIK3P2QBYPF', 9, 7, 2, 8),
('YYQBC', 'KQ27O6SLVNSF4IM4QTM4MHNK0C7TJYN4QFCLVJ1HKT27HQM2 MKM2DLJ 1QAMTICCH9XOKLCOGE71YVM1WCL7TWH0H8CDEYDT0QM5H67H5FSTEXH7YHO9D3XTTE5GVVWFEWMO7824OWY82 AQ9O5XDFG I3G24PLD90E4GS1M7Q52RVQSMQO6XTL0DAGNUP5RMGYQRK7X20DK24JF6OKH R 9D5 5IOCKMUT6EXOX  7DCVHL8MLQ7I94U0BXE4', 8, 5, 10, 3);

-- --------------------------------------------------------

--
-- Table structure for table `dosen`
--

CREATE TABLE IF NOT EXISTS `dosen` (
  `DOSEN_KODE` char(5) NOT NULL,
  `KBK_KODE` char(7) NOT NULL,
  `STAF_NIP` char(18) NOT NULL,
  PRIMARY KEY (`DOSEN_KODE`),
  KEY `FK_MATA_KULIAH_TO_KBK` (`KBK_KODE`),
  KEY `FK_STAFF_TO_DOSEN` (`STAF_NIP`)
) ENGINE=InnoDB DEFAULT CHARSET=latin1;

--
-- Dumping data for table `dosen`
--

INSERT INTO `dosen` (`DOSEN_KODE`, `KBK_KODE`, `STAF_NIP`) VALUES
(' T9T6', 'MN 0K6Q', 'EL7CRKHK123SB5CTMG'),
('3L40M', 'CK07L6', 'YFDNQLMAJJD4PQRCU8'),
('4FBS5', 'TBQ9OWK', '3BI43Q82IT9F2TVV85'),
('5 5OX', 'JJJ8SFB', 'LDW F5PYWEXA6QOOCG'),
('7JK34', 'K32YSHC', 'VD10LU6XHNLOJRLG32'),
('8 Q7A', 'JJJ8SFB', '4TVM7QCNGR3T6EHTCL'),
('D56B8', 'OR6HJ5B', 'NO9H54RA0P1XH6METU'),
('DG93M', 'OR6HJ5B', 'M1XK4D87Y5B MUD258'),
('F8B00', 'M1KVEOE', ' WQQRGVHC36TCPEHAB'),
('HNY8D', 'MN 0K6Q', 'ONE6AO45VUGLK0KXIN'),
('J3DFT', 'FKPR3Q2', 'HG8OUVYI0P3OTUUSTU'),
('KO48U', 'S7N30EL', 'UBGC2SIBLLQHG6M4XP'),
('MMQ 4', 'MN 0K6Q', '5QKSPJOUM7TSKM51Y3'),
('NQ8MW', 'S7N30EL', 'RJ JDOV5RRT4O2LDM7'),
('R W1P', 'GB NWHL', 'A5EI VOHTA6 T NCT9'),
('SQHDW', 'S7N30EL', 'UCBJ4FET6GR7Y6D180'),
('TB5ON', 'FKPR3Q2', '37QYNQUHG9K8X 9US7'),
('USAL9', 'JJJ8SFB', '533TK84E592S3Q15Y5'),
('VWMWJ', 'S7N30EL', '35J53V19JHOGLDK8MO'),
('Y1PX3', 'Q9PE1 A', 'VBE9HOBM3E3KNV54SH');

-- --------------------------------------------------------

--
-- Table structure for table `dosen_to_vnv`
--

CREATE TABLE IF NOT EXISTS `dosen_to_vnv` (
  `DOSEN_KODE` char(5) NOT NULL,
  `VNV_KODE` char(5) NOT NULL,
  PRIMARY KEY (`DOSEN_KODE`,`VNV_KODE`),
  KEY `FK_DOSEN_TO_VNV2` (`VNV_KODE`)
) ENGINE=InnoDB DEFAULT CHARSET=latin1;

--
-- Dumping data for table `dosen_to_vnv`
--

INSERT INTO `dosen_to_vnv` (`DOSEN_KODE`, `VNV_KODE`) VALUES
('4FBS5', ' TH48'),
('KO48U', ' VQ6C'),
('Y1PX3', '1FBAG'),
('MMQ 4', '2AUXL'),
('USAL9', '43G1C'),
('HNY8D', '7H4G1'),
('SQHDW', '7U4P4'),
('TB5ON', '8JYDF'),
('8 Q7A', 'CCT 6'),
('5 5OX', 'HGWGX'),
('F8B00', 'HJ73A'),
('J3DFT', 'IAJBT'),
('DG93M', 'L 0TP'),
('D56B8', 'O94DQ'),
('7JK34', 'QF76X'),
('3L40M', 'RCIVG'),
('R W1P', 'V3FSS'),
(' T9T6', 'WXP33'),
('VWMWJ', 'XGYPW'),
('NQ8MW', 'Y8APA');

-- --------------------------------------------------------

--
-- Table structure for table `event`
--

CREATE TABLE IF NOT EXISTS `event` (
  `EVENT_KODE` char(4) NOT NULL,
  `EVENT_TGL_MULAI` date NOT NULL,
  `EVENT_TGL_SELESAI` date NOT NULL,
  `EVENT_TGL_UPLOAD_MULAI` date NOT NULL,
  `EVENT_TGL_UPLOAD_SELESAI` date NOT NULL,
  `EVENT_TGL_VNV_MULAI` date NOT NULL,
  `EVENT_TGL_VNV_SELESAI` date NOT NULL,
  PRIMARY KEY (`EVENT_KODE`)
) ENGINE=InnoDB DEFAULT CHARSET=latin1;

--
-- Dumping data for table `event`
--

INSERT INTO `event` (`EVENT_KODE`, `EVENT_TGL_MULAI`, `EVENT_TGL_SELESAI`, `EVENT_TGL_UPLOAD_MULAI`, `EVENT_TGL_UPLOAD_SELESAI`, `EVENT_TGL_VNV_MULAI`, `EVENT_TGL_VNV_SELESAI`) VALUES
('', '0617-05-19', '0174-06-10', '1854-10-20', '1149-02-03', '0649-02-10', '1257-10-19'),
('   0', '1275-07-14', '1296-03-05', '0251-03-20', '0190-12-02', '1874-02-03', '1860-06-13'),
('   1', '0291-08-11', '1480-07-29', '1529-03-02', '0572-05-30', '0309-08-26', '0649-06-22'),
('   2', '1976-03-17', '0749-11-24', '0152-02-20', '0337-12-28', '1102-09-03', '0346-10-30'),
('   3', '0408-09-21', '0829-09-12', '1355-04-04', '0656-03-26', '0001-01-01', '1187-07-02'),
('   4', '1001-01-04', '0601-09-15', '0393-07-04', '1001-12-08', '0130-03-13', '0001-01-01'),
('   5', '1853-09-22', '2065-03-15', '0694-07-25', '0837-01-06', '1778-04-18', '1496-03-28'),
('   6', '0802-03-03', '0001-01-01', '0001-01-01', '0444-09-07', '0519-10-26', '1961-06-26'),
('   7', '0524-09-19', '1813-08-18', '1246-09-12', '1207-12-17', '1246-05-12', '0827-06-28'),
('   8', '1508-06-30', '0999-12-02', '1178-02-15', '0915-07-26', '1377-07-07', '1730-07-07'),
('   9', '0001-01-01', '0391-10-21', '1614-11-15', '0787-04-17', '1593-02-11', '0984-06-12'),
('   A', '0237-12-04', '1730-01-01', '1723-04-12', '1430-06-27', '0740-09-04', '0420-04-17'),
('   B', '1135-07-09', '1373-09-27', '0810-10-18', '1670-06-01', '1447-06-14', '1093-06-14'),
('   C', '0888-04-05', '1606-01-19', '1428-08-04', '0001-01-01', '0233-06-24', '0913-03-21'),
('   D', '0738-09-29', '0247-04-07', '1044-05-26', '1864-11-02', '0409-03-05', '0541-03-08'),
('   E', '1708-07-10', '0528-02-08', '2061-05-20', '1293-12-25', '0997-12-02', '1641-11-06'),
('   F', '1421-01-28', '1875-06-18', '0549-12-20', '1598-12-11', '0910-02-12', '0120-12-14'),
('   G', '1588-09-02', '1094-10-24', '0749-08-23', '1536-04-09', '0581-12-27', '0238-05-03'),
('   H', '0948-09-17', '1205-12-31', '0937-07-23', '2057-11-22', '0797-07-03', '0728-06-15'),
('   I', '0182-11-12', '0881-08-28', '0465-06-14', '1741-08-14', '1669-04-12', '1355-08-18');

-- --------------------------------------------------------

--
-- Table structure for table `kbk`
--

CREATE TABLE IF NOT EXISTS `kbk` (
  `KBK_KODE` char(7) NOT NULL,
  `KBK_NAMA` varchar(40) NOT NULL,
  PRIMARY KEY (`KBK_KODE`)
) ENGINE=InnoDB DEFAULT CHARSET=latin1;

--
-- Dumping data for table `kbk`
--

INSERT INTO `kbk` (`KBK_KODE`, `KBK_NAMA`) VALUES
('3781T0K', '1S8SPJPBUGTBD466G0C78BPHLB6J3QV21QBC1E4S'),
('525DXVT', 'V2GJUK6YAT1AHF9Q5 XP3P 9C2SAH141 TKJJDLV'),
('680PM9S', '6D2DEOPI8S9SQMINRO4AD6IFCRQDCNL99DTCGLBC'),
('CDCHYA4', 'JNTHDXCKA8KWKNIBI5I7I WCLKFGARO5FSHIXPLU'),
('CK07L6', 'UHSOM6NXXP09S6GVCCTFVM0K9JQ8JRTH7NIUEKIC'),
('FKPR3Q2', 'K1TPXODC3KEHSXQW8V753T2DT7HVF TIXO1QTHP8'),
('GB NWHL', 'OV4 AFN7PLDBGXBWR5YWSF93XL3MU96N33EV02 5'),
('IOV I8T', 'FV7 C8B85FTLE00HE13XRV3PVLLG90WDSRN4PF95'),
('JJJ8SFB', 'KKTOJNQ4UW35GBNO97PJBYOUTKJNX 1HWG2SDQFW'),
('K32YSHC', '87YKK07DILU8338X104N1LHT97WYU9MO2CEH8GVG'),
('M1KVEOE', 'WY5 WKDBH1A3G8ENGTFY CQA84MX5TR1133AVKQB'),
('MN 0K6Q', 'EY70WX7WPAAAI5A5FIP OB90BJKSDHCDRRMM2O02'),
('OR6HJ5B', 'PUVQSCRQCEY3QY9IW14LQ I60ED2JLG1 YHY5UVV'),
('Q9PE1 A', '4W03JOVYP03H8GGE60PPG60L59JI6BHLHHCTEHFG'),
('S7N30EL', 'ICOKP2FGUAX4BAL4IU0D8S0O81CDSJ1STADUUHV7'),
('TBQ9OWK', 'TIXD ONAO2GF TP6XY328L9AOQFPQP20CROJKBMU'),
('ULOGVC3', ' P1WPMQS9FC70164XR0K7QFTF UGBXYUJR4GFH4N'),
('VWJLH91', '5MD6KM8DYYTYX4UGRODJC9T0DBTL8JDNJ6MR6F5T'),
('WAF1XU1', 'Y82EHT9JQ7PMF4PUFPAARF9LJ5CYI8QIN5OT3HJK'),
('YVHURES', '3GKWBXLEA8JT42BLEKPLG6239LBN V8YLRT8WS59');

-- --------------------------------------------------------

--
-- Table structure for table `mata_kuliah`
--

CREATE TABLE IF NOT EXISTS `mata_kuliah` (
  `MATKUL_KODE` varchar(5) NOT NULL,
  `MATKUL_NAMA` varchar(40) NOT NULL,
  `MATKUL_TIPE` char(2) NOT NULL,
  PRIMARY KEY (`MATKUL_KODE`)
) ENGINE=InnoDB DEFAULT CHARSET=latin1;

--
-- Dumping data for table `mata_kuliah`
--

INSERT INTO `mata_kuliah` (`MATKUL_KODE`, `MATKUL_NAMA`, `MATKUL_TIPE`) VALUES
(' 3HEP', '6BY717CE4Y1R BPUWR09QMLRVN KDF45RJP3NL94', ' 4'),
(' 3QOI', 'SYNP23BHQO9DMTOLLAVVQVU02G9X2RH21YV 7 IY', ' C'),
('22YWQ', 'UEYW9 EK360IDBLIRTN8G0O8LEP 3BH166S889XN', ' 8'),
('2OPE5', '4RLWU2UNS96O3PPPW AM4FMQYBJD3OS0967U789E', ' 2'),
('2PL14', 'EBN5H34OARKC5UTPWN2IIGICJ2MGBMFILML17YFW', ' E'),
('4FFVR', 'XK5 BVD3N6LAHPTHCOGQLUBGIG2O 5C6 KKBI8YO', ' D'),
('8QRVH', 'WCE16LDCKCHV6XLEUOSKGVLB99W9ASBL3GBWEL 2', ' A'),
('9FN0G', 'RU1D9VP3S7O1XYMQ2MAPQKM5JRH60 AMJNBLLI37', ' 9'),
('C8C1D', 'HMJY7HB46W Y3OYTY09AWCQAKCC3ESI4E 4A5DP1', ' B'),
('ECYRW', '3CV5N0FN255 LRJYD S7MTQ 5JECQ59S3N2DTNLB', ' F'),
('F9VSV', 'OFEK9W650KGL D8HXRTRXKKM57HRX6ILIGTQIGP3', ' H'),
('GGIM9', 'AI3EU7181H78YTFS0KXHLJRQ36ABOEU RGBGLOSL', ' 5'),
('IXQ1G', 'E11HQHP K6H2GN9OH2LB08G4SQL NHFNCMYMMA 9', ' 3'),
('LKP1Q', 'Y7N88CY 9LS8HLPT5AJ8825I9WCI48WAMHKLBLFI', ' I'),
('N4DUS', 'KOKMWK4HG0C WP0OC1HSP6QCJWO7S8VAR L9HG9D', ' 6'),
('NA9I6', 'H7NRE6L1UQQWVSLWLTM9JEII7Y2OCULM3GQ10C5E', ' 1'),
('OJXQE', '85NQKPOWYW5NH40 3V0H87U03O1YGXMT26HVQNJ0', ' 0'),
('S0CUM', 'TAHORXD RHI5XIFVUFNNR98  H6O92B9WAXY843X', ' 7'),
('VNMC7', 'S8GQUI VL 0IVW6KICHN747JPI80M7Q2MGHC TCA', ''),
('W3U59', '05YCP0 SDSX3WMQV81F7UM39TD70W1K3XFLNV57V', ' G');

-- --------------------------------------------------------

--
-- Table structure for table `mata_kuliah_to_dosen`
--

CREATE TABLE IF NOT EXISTS `mata_kuliah_to_dosen` (
  `DOSEN_KODE` char(5) NOT NULL,
  `MATKUL_KODE` varchar(5) NOT NULL,
  PRIMARY KEY (`DOSEN_KODE`,`MATKUL_KODE`),
  KEY `FK_MATA_KULIAH_TO_DOSEN2` (`MATKUL_KODE`)
) ENGINE=InnoDB DEFAULT CHARSET=latin1;

--
-- Dumping data for table `mata_kuliah_to_dosen`
--

INSERT INTO `mata_kuliah_to_dosen` (`DOSEN_KODE`, `MATKUL_KODE`) VALUES
('4FBS5', ' 3HEP'),
('KO48U', ' 3QOI'),
('5 5OX', '22YWQ'),
('8 Q7A', '2OPE5'),
('MMQ 4', '2PL14'),
('USAL9', '4FFVR'),
('HNY8D', '8QRVH'),
('VWMWJ', '9FN0G'),
(' T9T6', 'C8C1D'),
('D56B8', 'ECYRW'),
('R W1P', 'F9VSV'),
('7JK34', 'GGIM9'),
('TB5ON', 'IXQ1G'),
('DG93M', 'LKP1Q'),
('J3DFT', 'N4DUS'),
('NQ8MW', 'NA9I6'),
('F8B00', 'OJXQE'),
('SQHDW', 'S0CUM'),
('3L40M', 'VNMC7'),
('Y1PX3', 'W3U59');

-- --------------------------------------------------------

--
-- Table structure for table `nilai`
--

CREATE TABLE IF NOT EXISTS `nilai` (
  `RUANGAN_KODE` char(4) NOT NULL,
  `UJIAN_KODE` char(5) NOT NULL,
  `NILAI_FILE` longblob,
  PRIMARY KEY (`RUANGAN_KODE`,`UJIAN_KODE`),
  KEY `UJIAN_KODE` (`UJIAN_KODE`)
) ENGINE=InnoDB DEFAULT CHARSET=latin1;

--
-- Dumping data for table `nilai`
--

INSERT INTO `nilai` (`RUANGAN_KODE`, `UJIAN_KODE`, `NILAI_FILE`) VALUES
('', 'J8EN5', NULL),
('   0', '3VDFD', NULL),
('   1', 'HCH4W', NULL),
('   2', 'PRUN9', NULL),
('   3', '9IB7P', NULL),
('   4', 'N94C0', NULL),
('   5', 'W16U2', NULL),
('   6', 'SW379', NULL),
('   7', '73TAA', NULL),
('   8', 'IAEOK', NULL),
('   9', '0BATJ', NULL),
('   A', '45TYL', NULL),
('   B', 'I9S2K', NULL),
('   C', '0NJUK', NULL),
('   D', 'BJIU3', NULL),
('   E', 'XY 2W', NULL),
('   F', '54KT2', NULL),
('   G', 'E4CN', NULL),
('   H', 'YERM2', NULL),
('   I', 'KGQFB', NULL);

-- --------------------------------------------------------

--
-- Table structure for table `role`
--

CREATE TABLE IF NOT EXISTS `role` (
  `ROLE_KODE` varchar(1) NOT NULL,
  `ROLE_NAME` varchar(15) NOT NULL,
  PRIMARY KEY (`ROLE_KODE`)
) ENGINE=InnoDB DEFAULT CHARSET=latin1;

--
-- Dumping data for table `role`
--

INSERT INTO `role` (`ROLE_KODE`, `ROLE_NAME`) VALUES
(' ', 'FW T4DIYU8HBTAN'),
('0', 'VY6NK1T61FG0OTT'),
('1', 'DA5W QXRPIQJEF5'),
('2', 'JEMV3B2DF1N09TW'),
('3', 'B 5W1F31M8177BI'),
('4', '31 WFWTYIO5KY10'),
('5', '18ED1F04TEFKJF7'),
('6', 'T9BWN3LEL4BTN2F'),
('7', 'G3NWOIWQTST3VAQ'),
('8', 'OOM8LJHNFNWLH0E'),
('9', 'VKU6EEPVQJR9VPH'),
('A', 'QL34L934YXJ6MRS'),
('B', 'O0RFUK9CF53V3SB'),
('C', '6B72C9DI4YTMBRQ'),
('D', 'ID5K11KESB5CSR5'),
('E', 'V NHR8M4QPHGRW '),
('F', 'PO8Q9BCREUOFOBL'),
('G', '1R9SECECGA8BUW7'),
('H', 'O3I285EEIE3WBVQ'),
('I', '4I06HFR9GQXQ7MV');

-- --------------------------------------------------------

--
-- Table structure for table `ruangan`
--

CREATE TABLE IF NOT EXISTS `ruangan` (
  `RUANGAN_KODE` char(4) NOT NULL,
  `RUANGAN_NAMA` varchar(20) NOT NULL,
  PRIMARY KEY (`RUANGAN_KODE`)
) ENGINE=InnoDB DEFAULT CHARSET=latin1;

--
-- Dumping data for table `ruangan`
--

INSERT INTO `ruangan` (`RUANGAN_KODE`, `RUANGAN_NAMA`) VALUES
('', 'KC78S8GXI4Q5IGN5AK2M'),
('   0', 'CYMENKQ80CAC09PWBMQY'),
('   1', '6IVAXMGEAJCAYRG6SK1R'),
('   2', 'UTPAKV947VGM5ILH2B2C'),
('   3', '9PQGS2GI1VLEPWATY3BP'),
('   4', ' 0Q 6W12042P0TAWOMSJ'),
('   5', '9JS6 I1VG8NR4TYMM4W4'),
('   6', 'KDBIRE06PTQ9Q2X17JK4'),
('   7', 'Y4P70YAJNWQLSRONNAQU'),
('   8', '6CHB38BOMDT19G IRF2X'),
('   9', 'N35YLVK12LAQ2OSNUP7H'),
('   A', 'EL5OCLJT47IE935EIBCY'),
('   B', 'I WDWDCEONCJFWUG9IS2'),
('   C', 'GCRQ8V40QT8XNP64YXR1'),
('   D', 'HSTS8Y40ANK0VXW2JVXI'),
('   E', '31DQDH733YID8D6X G3A'),
('   F', 'V15521TT75RJ4QUHNJE6'),
('   G', 'V30C26BDI7QIJ65SFSFL'),
('   H', 'H88GYNLILQN2HYLCCHLG'),
('   I', 'AX 726M0YDGDS5FDFKHI');

-- --------------------------------------------------------

--
-- Table structure for table `ruangan_ujian`
--

CREATE TABLE IF NOT EXISTS `ruangan_ujian` (
  `RUANGAN_KODE` char(4) NOT NULL,
  `UJIAN_KODE` char(5) NOT NULL,
  `STAF_NIP` char(18) NOT NULL,
  `BERITA_KODE` char(5) DEFAULT NULL,
  PRIMARY KEY (`RUANGAN_KODE`,`UJIAN_KODE`),
  KEY `FK_BERITAACARA_TO_RUANGANUJIAN` (`BERITA_KODE`),
  KEY `FK_RUANGANUJIAN_TO_STAF` (`STAF_NIP`),
  KEY `FK_RUANGANUJIAN_TO_UJIAN` (`UJIAN_KODE`)
) ENGINE=InnoDB DEFAULT CHARSET=latin1;

--
-- Dumping data for table `ruangan_ujian`
--

INSERT INTO `ruangan_ujian` (`RUANGAN_KODE`, `UJIAN_KODE`, `STAF_NIP`, `BERITA_KODE`) VALUES
('', 'J8EN5', 'UBGC2SIBLLQHG6M4XP', 'YYQBC'),
('   0', '3VDFD', '5QKSPJOUM7TSKM51Y3', 'HG5KF'),
('   1', 'HCH4W', 'RJ JDOV5RRT4O2LDM7', 'HG5KF'),
('   2', 'PRUN9', 'YFDNQLMAJJD4PQRCU8', 'P0XOF'),
('   3', '9IB7P', 'NO9H54RA0P1XH6METU', 'YYIXY'),
('   4', 'N94C0', ' WQQRGVHC36TCPEHAB', '9P 0P'),
('   5', 'W16U2', 'YFDNQLMAJJD4PQRCU8', 'HG5KF'),
('   6', 'SW379', 'A5EI VOHTA6 T NCT9', 'YAR7'),
('   7', '73TAA', '35J53V19JHOGLDK8MO', '9P 0P'),
('   8', 'IAEOK', 'VBE9HOBM3E3KNV54SH', '7BAYG'),
('   9', '0BATJ', '533TK84E592S3Q15Y5', 'M5327'),
('   A', '45TYL', 'LDW F5PYWEXA6QOOCG', 'M5327'),
('   B', 'I9S2K', 'VBE9HOBM3E3KNV54SH', '3G3EO'),
('   C', '0NJUK', '533TK84E592S3Q15Y5', '7BAYG'),
('   D', 'BJIU3', 'A5EI VOHTA6 T NCT9', '7BAYG'),
('   E', 'XY 2W', 'YFDNQLMAJJD4PQRCU8', 'N HMK'),
('   F', '54KT2', 'A5EI VOHTA6 T NCT9', '9P 0P'),
('   G', 'E4CN', '533TK84E592S3Q15Y5', '6W C8'),
('   H', 'YERM2', 'NO9H54RA0P1XH6METU', '3G3EO'),
('   I', 'KGQFB', 'LDW F5PYWEXA6QOOCG', '9P 0P');

-- --------------------------------------------------------

--
-- Table structure for table `soal`
--

CREATE TABLE IF NOT EXISTS `soal` (
  `SOAL_KODE` char(5) NOT NULL,
  `MATKUL_KODE` varchar(5) NOT NULL,
  `SOAL_UPLOADED` tinyint(1) NOT NULL,
  `SOAL_VNVED` tinyint(1) NOT NULL,
  `SOAL_PRINTED` tinyint(1) NOT NULL,
  `SOAL_SIFAT` varchar(20) NOT NULL,
  PRIMARY KEY (`SOAL_KODE`),
  KEY `FK_MATA_KULIAH_TO_SOAL` (`MATKUL_KODE`)
) ENGINE=InnoDB DEFAULT CHARSET=latin1;

--
-- Dumping data for table `soal`
--

INSERT INTO `soal` (`SOAL_KODE`, `MATKUL_KODE`, `SOAL_UPLOADED`, `SOAL_VNVED`, `SOAL_PRINTED`, `SOAL_SIFAT`) VALUES
('3R686', 'NA9I6', 3, 17, 16, '1U6ECAQ4LAHHGXB6RR9I'),
('56 BH', '9FN0G', 4, 6, 5, 'Y6ITYC7IHOFU9UL3A9KH'),
('AU19U', '2OPE5', 19, 18, 10, '7MQCMWEXVEOAJOUJM0RH'),
('IAFOS', 'LKP1Q', 6, 10, 6, '7UDIM2H5C8SS5CI4AAVN'),
('KVJ1A', 'LKP1Q', 11, 2, 11, '3K87Q1R5LKBN24E0N5KE'),
('M V8P', '2PL14', 7, 19, 7, '1N11EI892XIQYXMH9M5F'),
('N931J', 'C8C1D', 1, 9, 17, '57X8PI1RN8UTA0SA3Y8T'),
('OHTY3', '9FN0G', 14, 3, 15, 'LP9JM2NU3FHSB11UNFKN'),
('OIHVK', '9FN0G', 15, 7, 18, '6WUEWV9LDOSEUF9MKAL6'),
('P1K4O', '2OPE5', 12, 0, 13, 'IB968M2JIHCJJJHNGOXH'),
('PMVU', ' 3HEP', 18, 13, 4, 'NMJNRFTG1NMEVJQWQWNY'),
('PS2H', ' 3QOI', 5, 1, 2, 'P MD70C68AJIN0LOOQEF'),
('RA0TR', 'LKP1Q', 8, 11, 14, '4410TNG QGS89FOG6GAM'),
('RL5A1', 'LKP1Q', 13, 4, 8, 'YO1O3SIUDUNN5FW6810Q'),
('S MCK', 'NA9I6', 0, 16, 0, '63IL7Y79 25M5YTLHVNP'),
('SITGI', '2OPE5', 17, 8, 9, 'DMH3240XVAPLB2GY55WB'),
('T0GEP', '2PL14', 16, 12, 19, 'AO7MEHFWMJO CFMIQ34N'),
('VD0FB', '8QRVH', 9, 15, 1, 'U KXR C5F35VJUE KJY2'),
('X5A7U', '2OPE5', 10, 14, 3, '2MM8VYG8P6KG2PW 2X79'),
('XA0VE', '8QRVH', 2, 5, 12, '5MILQVIS1DE2XUPJN7B2');

-- --------------------------------------------------------

--
-- Table structure for table `staf`
--

CREATE TABLE IF NOT EXISTS `staf` (
  `STAF_NIP` char(18) NOT NULL,
  `STAF_NAMA` varchar(35) NOT NULL,
  `STAF_EMAIL` varchar(35) NOT NULL,
  `STAF_KONTAK` varchar(15) NOT NULL,
  PRIMARY KEY (`STAF_NIP`)
) ENGINE=InnoDB DEFAULT CHARSET=latin1;

--
-- Dumping data for table `staf`
--

INSERT INTO `staf` (`STAF_NIP`, `STAF_NAMA`, `STAF_EMAIL`, `STAF_KONTAK`) VALUES
(' WQQRGVHC36TCPEHAB', '34YRXKYHXS3U32WQVSHFFU3YEXPTY5V0ABL', 'J2M5TY1N CB51QA0QB K0VGH3H1EVIP8YOL', 'JLBA3V9FT0LX9I1'),
('35J53V19JHOGLDK8MO', 'SFQVVUOGLMA610D5KGK11E0N7RYG2FPSS85', 'BT5T26 X20MGMCTVMJBRNXRTYELOI0X30BV', '3VBO 8 2M8U9 32'),
('37QYNQUHG9K8X 9US7', 'LFOBWGTI565XNLNK OSEN0S51SW 04MP 74', '71QEX0M5P87QNNNGRQF7LPPP IR6SS0F6T9', 'K IBAA1LSC0BUYW'),
('3BI43Q82IT9F2TVV85', 'Y5IXR0E8C26NBGC12NN TRXKS2HD IP0FHN', 'YNWOP55XAAP4KESY3BQW2B FCG4CRUPJ1L0', 'PHXOJHRG6PMSQND'),
('4TVM7QCNGR3T6EHTCL', '4IHLCLGLK3C47CULSTVKDX35LXFNURHKFHT', '2B5YNLAJFQSC141 P8ITVK6AI IHFNJLKPG', '8A6FEHYRBSH 7FE'),
('533TK84E592S3Q15Y5', 'FKCR9PGWB5R1IKDE0GWL92MO79N51FT42A7', 'Q3UA G6JED8GXR9L SN57BKHJ67A5B HO4W', 'G3XBQVMGT3HERC6'),
('5QKSPJOUM7TSKM51Y3', '93I95AOD2UWQ0IVPCAO5EW20EFNQKJFSG6H', 'WMRD0TGYV6H1CW XSJCEGV6FQSMR2P4BFCE', 'RUXYOILT3D8FO3T'),
('A5EI VOHTA6 T NCT9', 'TL7LKE5CWQPOUGHS 41 8QUYG50L8VDYRG2', 'ROU660124DMUWL4FA3PLISYVE4U5PP RQ0E', 'MNDUVKUJ3W6YUVY'),
('EL7CRKHK123SB5CTMG', '0IFM31YM9GPGRO9FOJW32IE4EE AK8X39MK', '55PK9225G4YHCPV RNNBMPX6LT4IE 02HJQ', 'XKHPKPV 1 UM03U'),
('HG8OUVYI0P3OTUUSTU', 'I3PI4PHT049BSTIX29M1 93SEJM6P59G2DN', '0UMOVIHI10WWKRLTJ5DDY4FXBTC10JDPGXA', 'NHEB7FA0NEBDNJK'),
('LDW F5PYWEXA6QOOCG', 'LXB6IIWSI2M1NE5J V5DDG4V71CLGM9VB2A', 'S7824NRT497M13HI7Y8GKQMLG4HCWVQ63T2', 'N446O03R NN3B3D'),
('M1XK4D87Y5B MUD258', 'M6E9OMS7LL9AIP60NVU7W92L81XHF TVKJX', 'S8P1UDMQFF709BHAE4F8KFC5QINA0TNCA56', '94G8RNNR9GNT1UE'),
('NO9H54RA0P1XH6METU', 'WYFX T 7NQ4NJFQFPPWVL9 75YQR7BYJV5M', '1N0JUFA80RCW CLR6F6OUBSLCICSBL7BLF8', '6AISQP DRNGDQ9U'),
('ONE6AO45VUGLK0KXIN', 'FQCJDF3MO3 R18OBW3WSWOH6KRELNWW6IQ ', 'E3QERFE9SBQ0BXBN CLT897E8DH4TR VLX1', 'TGIX48BNSV2PGCL'),
('RJ JDOV5RRT4O2LDM7', '799O1QRVO3E0NLHELQ0 8NM1US I9AA7FV0', 'WP0HVNKR2YJ3RVQHS1S7XSK5NWTST9GIATT', 'P U0FS4BMN7GUVE'),
('UBGC2SIBLLQHG6M4XP', 'MMRB VP929K90QOU1PD XG3T4ATQG84RHDJ', '40FR5NX6U7QWIN1G0P1SJ9PHVSP4LAEB 0I', 'QWJ8 LEJRYWSJNS'),
('UCBJ4FET6GR7Y6D180', ' NT79Q6ICRKR3FVKOG0MW0GY58Y4F7X P79', 'BUD162K3HOS4A61FNUXB6VS5FTD95BV03JL', '9NX58IRV7FKAVSO'),
('VBE9HOBM3E3KNV54SH', 'LQ0XGBBXPYMMOFGT2HUS2DM CCEVIVN9QM2', '4M57E6VK4BIHNVMWL0OIBVLHLO59PMW3HN7', 'BRQGSKYDDVMRS57'),
('VD10LU6XHNLOJRLG32', 'XXINA9ODL43AAJUIQYLEF NXRWONGP9 T77', 'L666T5IDHLKRG BWXL4WQFIVW582PGFH5IB', '6PFXG2XGLUDRUUI'),
('YFDNQLMAJJD4PQRCU8', '3BTWXIB38 4WGDW2LTTT70L7ATM9 RTG9QK', 'RM19O85L9VRE8BHBC33FKSDYX5K2FTS2BAT', 'FUR4443AYQEKTT2');

-- --------------------------------------------------------

--
-- Table structure for table `storage_soal`
--

CREATE TABLE IF NOT EXISTS `storage_soal` (
  `SOAL_KODE` char(5) NOT NULL,
  `STSOAL_NO_URUT` decimal(1,0) NOT NULL,
  `STAF_NIP` char(18) NOT NULL,
  `STSOAL_TGL_UPLOAD` datetime NOT NULL,
  `STSOAL_FILE` longblob NOT NULL,
  `STSOAL_URUT` decimal(2,0) NOT NULL,
  PRIMARY KEY (`SOAL_KODE`,`STSOAL_NO_URUT`),
  KEY `FK_USER_TO_STORAGE` (`STAF_NIP`)
) ENGINE=InnoDB DEFAULT CHARSET=latin1;

--
-- Dumping data for table `storage_soal`
--

INSERT INTO `storage_soal` (`SOAL_KODE`, `STSOAL_NO_URUT`, `STAF_NIP`, `STSOAL_TGL_UPLOAD`, `STSOAL_FILE`, `STSOAL_URUT`) VALUES
('3R686', 8, 'NO9H54RA0P1XH6METU', '0820-12-14 06:55:40', '', 3),
('KVJ1A', 4, 'HG8OUVYI0P3OTUUSTU', '1239-06-18 10:30:03', '', 8),
('M V8P', 9, '3BI43Q82IT9F2TVV85', '0655-07-21 05:05:20', '', 10),
('N931J', 3, 'A5EI VOHTA6 T NCT9', '0433-12-30 03:13:40', '', 5),
('OIHVK', 5, 'A5EI VOHTA6 T NCT9', '1861-01-24 14:50:20', '', 18),
('P1K4O', 0, ' WQQRGVHC36TCPEHAB', '0341-03-11 02:42:45', '', 15),
('PS2H', 7, ' WQQRGVHC36TCPEHAB', '0132-08-10 01:06:00', '', 2),
('RA0TR', 2, 'RJ JDOV5RRT4O2LDM7', '1910-08-24 15:32:32', '', 17),
('S MCK', 6, 'VBE9HOBM3E3KNV54SH', '0766-08-10 06:22:07', '', 19),
('T0GEP', 1, 'YFDNQLMAJJD4PQRCU8', '1796-09-25 14:22:08', '', 13);

-- --------------------------------------------------------

--
-- Table structure for table `ujian`
--

CREATE TABLE IF NOT EXISTS `ujian` (
  `UJIAN_KODE` char(5) NOT NULL,
  `EVENT_KODE` char(4) NOT NULL,
  `SOAL_KODE` char(5) NOT NULL,
  `UJIAN_MULAI` date NOT NULL,
  `UJIAN_MENIT` tinyint(4) NOT NULL,
  PRIMARY KEY (`UJIAN_KODE`),
  KEY `FK_EVENT_TO_UJIAN` (`EVENT_KODE`),
  KEY `FK_SOAL_TO_UJIAN` (`SOAL_KODE`)
) ENGINE=InnoDB DEFAULT CHARSET=latin1;

--
-- Dumping data for table `ujian`
--

INSERT INTO `ujian` (`UJIAN_KODE`, `EVENT_KODE`, `SOAL_KODE`, `UJIAN_MULAI`, `UJIAN_MENIT`) VALUES
('0BATJ', '   6', 'XA0VE', '0697-04-04', 4),
('0NJUK', '   A', '56 BH', '0805-11-20', 16),
('3VDFD', '', 'OIHVK', '1814-02-14', 13),
('45TYL', '   B', 'OHTY3', '0427-06-04', 3),
('54KT2', '   2', 'X5A7U', '0375-08-04', 15),
('73TAA', '   5', 'N931J', '0936-12-03', 1),
('9IB7P', '   B', 'KVJ1A', '0320-08-23', 17),
('BJIU3', '   B', 'AU19U', '1699-11-22', 9),
('E4CN', '   0', 'IAFOS', '1470-06-08', 0),
('HCH4W', '   H', 'T0GEP', '1150-09-05', 18),
('I9S2K', '   C', 'PMVU', '1942-07-17', 10),
('IAEOK', '   B', 'RA0TR', '1318-01-28', 19),
('J8EN5', '', 'M V8P', '1077-02-18', 6),
('KGQFB', '', 'VD0FB', '2050-02-26', 2),
('N94C0', '   F', 'P1K4O', '0565-02-22', 5),
('PRUN9', '   2', 'PS2H', '1590-05-04', 7),
('SW379', '   5', 'S MCK', '0177-07-31', 14),
('W16U2', '   9', '3R686', '1378-07-19', 8),
('XY 2W', '   5', 'RL5A1', '0001-01-01', 12),
('YERM2', '   G', 'SITGI', '1244-07-05', 11);

-- --------------------------------------------------------

--
-- Table structure for table `user`
--

CREATE TABLE IF NOT EXISTS `user` (
  `STAF_NIP` char(18) NOT NULL,
  `USER_USERNAME` varchar(20) NOT NULL,
  `USER_PASSWORD` varchar(20) NOT NULL,
  PRIMARY KEY (`STAF_NIP`)
) ENGINE=InnoDB DEFAULT CHARSET=latin1;

--
-- Dumping data for table `user`
--

INSERT INTO `user` (`STAF_NIP`, `USER_USERNAME`, `USER_PASSWORD`) VALUES
(' WQQRGVHC36TCPEHAB', 'Y5S87FFMSK9KE 651MGO', '6VNKB7 U90L7XTJTBJUU'),
('35J53V19JHOGLDK8MO', '5B55M6IHIY958E7TN8YW', '6GTW8UT2EKH8LU4NHU3P'),
('37QYNQUHG9K8X 9US7', '6QVB47F3W2EWIYXIK7AA', 'SE2H7MYRSRU6HCJEJGRD'),
('3BI43Q82IT9F2TVV85', '4HHV6GCCVS9G5BBNDHPB', 'U1CBDFVP8L71GOHPTX65'),
('4TVM7QCNGR3T6EHTCL', 'R841MQJ1K2G3YRCKGWBR', '3WRA3EPS9WWOMLOMI659'),
('533TK84E592S3Q15Y5', 'BGQ5N24ALMM1FI5UN0Y9', '2BNIESTMMK0VSVW3I281'),
('5QKSPJOUM7TSKM51Y3', 'MKI2NTVKT13HUQYSEY W', 'DMOMORLFPX9I 526GQOY'),
('A5EI VOHTA6 T NCT9', '6YOH KR5K225S  SQD2H', 'OUF89TPJP0 3WWGX8K7M'),
('EL7CRKHK123SB5CTMG', 'N4 6QTHK KN5OUJ3Y05G', 'FS5GTG4LD9NIPQCTISAW'),
('HG8OUVYI0P3OTUUSTU', 'V50GCJ89OKKPBMJYYL6D', 'YKSNVEPXONQX1Q99SC Q'),
('LDW F5PYWEXA6QOOCG', 'PYG9E68AE3UMEWNH K5R', '302WR00X0DNHJJ25D9NP'),
('M1XK4D87Y5B MUD258', 'QWQD7A9 7 8TF30PD866', '1V1RA2LRWJO1S2V76SMA'),
('NO9H54RA0P1XH6METU', 'UWSO6ONORTRRTVN5MI1D', 'FC8X9BRKIPVY187PYBFC'),
('ONE6AO45VUGLK0KXIN', 'WOPWUYDR3VFL LFCLS1M', 'H X9ER416DC1KYR7K7HR'),
('RJ JDOV5RRT4O2LDM7', 'YNC DNUAKHUQY0P2DO14', 'IR14AMH9I78XO00ND5GC'),
('UBGC2SIBLLQHG6M4XP', 'X229GHCDU2T2V5XDC1YV', 'ODAT0HLHJC2  1WXJOTW'),
('UCBJ4FET6GR7Y6D180', 'VUT 8S2 13TLDSFN4CC9', 'S5QEKY9IDVMHCECT W0S'),
('VBE9HOBM3E3KNV54SH', 'LOBDTQJQ40QMXE2EH0EC', ' DFETGN7TV45 MPT4V6C'),
('VD10LU6XHNLOJRLG32', 'TDAEXQTONA3EA7YRX 57', '  N4CUV3QRI87VJYH629'),
('YFDNQLMAJJD4PQRCU8', 'HWY35YB970J7R7CF69N ', '6XBY5I7GU1FL7QJW0UKY');

-- --------------------------------------------------------

--
-- Table structure for table `user_to_role`
--

CREATE TABLE IF NOT EXISTS `user_to_role` (
  `STAF_NIP` char(18) NOT NULL,
  `ROLE_KODE` varchar(1) NOT NULL,
  PRIMARY KEY (`STAF_NIP`,`ROLE_KODE`),
  KEY `FK_USER_TO_ROLE2` (`ROLE_KODE`)
) ENGINE=InnoDB DEFAULT CHARSET=latin1;

--
-- Dumping data for table `user_to_role`
--

INSERT INTO `user_to_role` (`STAF_NIP`, `ROLE_KODE`) VALUES
('HG8OUVYI0P3OTUUSTU', ' '),
('UCBJ4FET6GR7Y6D180', '0'),
('LDW F5PYWEXA6QOOCG', '1'),
('35J53V19JHOGLDK8MO', '2'),
('ONE6AO45VUGLK0KXIN', '3'),
('EL7CRKHK123SB5CTMG', '4'),
('UBGC2SIBLLQHG6M4XP', '5'),
('533TK84E592S3Q15Y5', '6'),
('5QKSPJOUM7TSKM51Y3', '7'),
('NO9H54RA0P1XH6METU', '8'),
('VBE9HOBM3E3KNV54SH', '9'),
('A5EI VOHTA6 T NCT9', 'A'),
('M1XK4D87Y5B MUD258', 'B'),
('YFDNQLMAJJD4PQRCU8', 'C'),
(' WQQRGVHC36TCPEHAB', 'D'),
('RJ JDOV5RRT4O2LDM7', 'E'),
('4TVM7QCNGR3T6EHTCL', 'F'),
('37QYNQUHG9K8X 9US7', 'G'),
('3BI43Q82IT9F2TVV85', 'H'),
('VD10LU6XHNLOJRLG32', 'I');

-- --------------------------------------------------------

--
-- Table structure for table `vnv`
--

CREATE TABLE IF NOT EXISTS `vnv` (
  `VNV_KODE` char(5) NOT NULL,
  `SOAL_KODE` char(5) NOT NULL,
  `STAF_NIP` char(18) DEFAULT NULL,
  `VNV_TGL` datetime NOT NULL,
  `VNV_STATUS` tinyint(1) NOT NULL,
  `VNV_KET` text NOT NULL,
  PRIMARY KEY (`VNV_KODE`),
  KEY `FK_SOAL_TO_VNV` (`SOAL_KODE`),
  KEY `FK_USER_TO_VNV` (`STAF_NIP`)
) ENGINE=InnoDB DEFAULT CHARSET=latin1;

--
-- Dumping data for table `vnv`
--

INSERT INTO `vnv` (`VNV_KODE`, `SOAL_KODE`, `STAF_NIP`, `VNV_TGL`, `VNV_STATUS`, `VNV_KET`) VALUES
(' TH48', 'SITGI', '533TK84E592S3Q15Y5', '0633-10-18 05:18:41', 17, 'UOWVB1M7B   37K4B1ER9XX0S5NMC 2VF71XO0CXUEJ0H NUXG2L8D4P0ON32S0EIBWD8EKUJVHAYW7QHQRL2 OR2RLS2RCX66890HRU5ABGW158TR18R05M JD68IN0YEJC1EPV0 FSPEP 8UCJBJHSEJQDHGQCXX20D9E2XOU7UYATLMT9VMT0EM54T QUP6WB3 6PCGICSIQPA8FRI5M5M6WU7E1JGYWYCHN93V2E1R2P76W2C0N78W2NNWE'),
(' VQ6C', '3R686', 'UCBJ4FET6GR7Y6D180', '0920-04-12 07:42:03', 12, 'LD4QSVG4H D8SUHJJR6RT11NU8J7BJRHCL98CISQQLWBR198PEQXDGVC5MX 3OHRHGU1NP6232C5T5 T4UC9B03B04JBKI01JN2 J3XILJGSWG52J0LC2TN28N OP9XPJBVHY9KNSMQ113G098SI1VR83HM3L14D4XXPSNY7QAG9C70R560NO4WLIAMB9VSQCFQD N723YOIUP3LK06DFET4S7 PTPDMW5LWLJQ90FAHPHC0F8YXSELYWPEAGCN'),
('1FBAG', 'XA0VE', 'YFDNQLMAJJD4PQRCU8', '1700-05-12 14:01:20', 3, 'TSIAVIDNPTY3PG8LJQ1W01L460LYGB5ASI7MXDT7RJEENHSJPV7HENI9N4N0H1SEDVL1ES32QAE 1HXFDQ1QJGD 8E3FVKRSI6YSTEC0GR7ATMACGI1I7EOXAWUOEPMV9OYA9DHHUIEULJF22FYSQQSD7O4EDSSQNGG2A79KU0TDF5MX7ISP 7T9FNEEOHG2RJOU0S62DLKSYWX0 SXIAWL5GNGNNXK9OV1I3GGDGL33AK71I3WPLEUCSDA98KU'),
('2AUXL', 'N931J', '533TK84E592S3Q15Y5', '0846-10-18 07:02:23', 6, 'TF4JO6LM6GAB8BPX4D28M0HRUHS4399MW2UK1W89N4R3V1MJP87UXWU0DLBNPFSUJ4 53G7PGTGBRMB KUTFRNHWSIS43IYWLDLJF4V3BEYL3N90QL7G5D70K8HXBG8H4O5BHULIBYA1WBY9GX6OWW0WCW9UBS78K3TIH7UXTQ06YL1C8G3DLMR 5SF2RSFOMW4JFI27F3AUT 0OY0S4OOIK7EX72BJ86EA74NR31JRDUPKPNJQYAR7W4C49IW4'),
('43G1C', 'S MCK', 'A5EI VOHTA6 T NCT9', '0489-09-10 04:08:43', 9, '3WSKDKI9Y4VUK2DLJ7SR7CSIBAPFTAJMC3JGJ0NOIPXUR4010T0USM37MXICKJ LOOVXS YAFGMES203ASN8W9TKIAV8LF54MHSD5LCMENDIX5XJH4UODU9QOGW J8K4SQMXB0MG640Y7O4BSG7SR2Q70 56Q8KQ1B5MNEIXR6S88XYSMTMX9LEPL JB5RGC9JJ57YMEBPBPC9MGHUJ6O5B8L3FJE6DPNCC2LXIH23OEI2964POIKJH3EGKVSVG'),
('7H4G1', 'KVJ1A', '533TK84E592S3Q15Y5', '1429-02-01 11:13:08', 15, 'PDCMT47HLCSJ4EDLAB5T8DMPH5X8SWDGE54BS7LYSC5BXIXBVC6H581 H2BCFXTNES1BMQWQN U5AKGO4TSS UML58E18SNQBKIR1MQGCUET8X631UVB66MWKKP0BFFBNGVQ4W38W7AY01 BH7CMFEXPNMSV2V8FJ2L57TLJ3X444K5M1B43PSU52M766CPH1N4YXQC9ILGUE9LL4B73AT9W9FKCM7XBX5YV77 PHEYG 4Q9VWLTQ3MWHMJOM0M'),
('7U4P4', 'OIHVK', '533TK84E592S3Q15Y5', '0162-01-18 01:37:22', 18, 'TR83VKKUVR3P4B0PQVRLXFXW5UWWSRM68V4G6TUYF LW8QJFWKF03CJUL8EVPLO12HIKFRMVQQ8N75F XH1YCMDKFD GUDWAPKL7JVRASAIHOV0IP9T1BKLULMUH3RJKHGMOTDP1H37GP C6 V6A1B0F M98O7FLLR4S1CNWOY65RB36FJOC U47DAQMB0317CPYCJDP3YGQOINPMR AYU0YEVU 25POAC529MCCBFATS0Y11C T8SINOUDADG2'),
('8JYDF', 'IAFOS', 'UCBJ4FET6GR7Y6D180', '1217-11-02 09:58:38', 0, 'DEP4GDSJFNW23SJ9L4DCXPD1DLXDUW26TW6ULIHC40JN4KWQY5PBPRRHA2 DO7932HYYQGH6AI2F1L5 RDK6MCXIK4AMSJJ92MV6UGBJLHVHNHHKO64NMT1W2G1QJ68Y3LGAV QI1Y 0R8CJPQ6JKTF11I3E4ST1XDS3MVMO4T27129HBX7O89IQ5J0CO5XUPUQGU5 6QPI92HXKCGCWBEXDHKWA8HAB JP8472N419HBA7G1VD4DOGXJEL1Q8X'),
('CCT 6', 'X5A7U', 'LDW F5PYWEXA6QOOCG', '1094-07-06 09:10:49', 14, 'XO2FEY74SEL2CD5COW9MRKJNBP7CWH5TPVSXD7TR67FWVTAMWGNQ1JCP6T8DHRXY769N KEXL3Q3R 3PD6VJQRR4TCS79S9QKGAMJ8FFVRLUM4WRWYGO4S9M6L879P3R6O4664G036HRX75VIUF95WCUJ3B7DB9LT L3RUY9OCJUWV7YK2FSNYMFFGFF40RMDN2L LKPAIDIIBKXO0J45JMSPGFGYWK677EAA9USW12LJIPKR7EK0V1CE2PC0QM'),
('HGWGX', 'T0GEP', '533TK84E592S3Q15Y5', '1295-08-16 10:34:47', 11, '8U7EJQXNPY1 MQYPH3DP5HX14O AY6JOJOOKB6M4REN1VME6B27AYRDPEUCN0QPPFJQUXCO4F1I6S 2CW6G3KIV9FG8OXR5WQ3NPDERRQ3166NHVMJ3LPO447PBTSDTQEX P8WFTPR11C   V4AFQHGDTQGM51EABGLJKVXME4JV4OPN5WJEHO2PAKTR5PEDH4L30QC9V3U0WUHFVOLHCBXJR4W6EP2EU5EEQ7IGBMLUL10MK6IR8WRVD8FT3SI'),
('HJ73A', 'AU19U', '5QKSPJOUM7TSKM51Y3', '0274-06-28 02:25:08', 1, 'SA8SHN0A4R7Q PPB63HPYLM23L9VH11MYPS9KKCPPJ8OSQIK4SDSKYGRWFS763KA 2XY6EMJRRFUOADOQLE 3SN 0U4KNBHE4THN9G30T2Y0H3I22OAFGBRI8RRL7SOE7T1PVXFJXLQO4OH9ONKURPHDTH1LCJDXJF091YIPNVHWII61MGHM 2WONP2GFG0U 9KYTKI64RPHMYP9KJ3TACAQ4LQR FF1VGO8COWU NOTFBGXMOA4RFAY3MQTH6M'),
('IAJBT', 'M V8P', '4TVM7QCNGR3T6EHTCL', '1513-08-11 12:11:02', 7, 'O0ETD6K468977XSWHMDLWXWXDN3RLUMKFSX9DNLBGUIBAEQ81HXWKVD68W2RSSRDJE4VFLKSLL5P6UM8J1UWRENR2OESLY93QTJAQLYBKTHQWEAFF9FYLC8DXVNFEAIU526MAUALM C7AUOEDAHV0CNM9LVQGEYK3DOCWB55BP1DYLPIEFETNLI1P Q3RJ14645D4I3HGTHTASE5Q30F YE28HAC2M9BCU7YBMSY582LF4PIYYRN80 04JAOY84'),
('L 0TP', 'PMVU', '5QKSPJOUM7TSKM51Y3', '2065-07-17 00:53:46', 10, 'R10VKKV8756IS2NDA2AA74C552TSC UUPAW5P6J1J5YD1JGPMS10S AUH1RUQKPV7WTPLINBVV7I1MSKSJYBEG9Y5AMJ 1CGJ6AD4C89UNC3L67N1YJY1TJT80AHKE 0UYTTELUHWFO8SAQ2B8BKYMYBIXN84QHB0VXPS9K 9SQVX5Y9H9UROFUNMJN5PF6KQ48I M07X2WUO6141MQ0132EYVALIVYCFLAPY0BYN3O0WVK0CILN4I2MNPJT4P9'),
('O94DQ', 'RA0TR', 'UCBJ4FET6GR7Y6D180', '1037-02-28 08:14:10', 5, '7J4XQ27FCVTMH5MBOQ3TACAW5OCYM4PWW8S9SMFLIDQJ8O9YTV0I0MCNB CY3NNJF070FX6W49AS72S760MVCMMLDFF3YP7RV DH1V1XJNN5BT2TUDKCXLJT6PUXTOID5JGGJ46C4R5WU7KKNGJ2TO2IIR IONF55AR956GS188WL7G8H1GLIPXU1TDG0LEWN6PRK8F0HYJIOPHP18B2VAG2BEQWN7KHCF BVD7QF1UMM85UXCC55UMEUBWHVYP'),
('QF76X', 'VD0FB', 'HG8OUVYI0P3OTUUSTU', '1778-12-21 15:07:58', 13, 'MVGOA9JOCOVYA5FL3TCRWKWXEYWG87IPE4BNE1VGO0RFLM XC32CLEHR1 SP  B8F J0VW2E6NAHI5W  K2O60BPN5G7 26JBQJQ42L9 LMXXAKXR8HNAQVNUPB5VMWFW56K4TY18ECBDQ87LOUW8TIRHH2I3S8Y6LO1HID D6D0052JI02U0MIFGVW0LURJ8XOGIF5QYK45QA5YPVJP9G1DYPF71 2SCK8X7 D3MPBN XGQKF0H8R6L7HKDTGJ'),
('RCIVG', '56 BH', ' WQQRGVHC36TCPEHAB', '0397-07-05 02:57:14', 19, 'NCSRLXX5G0IM TYSKKS21BTQROFHWDO XIYCGG4QDBI8EU9CYK0UBAAKNR44YDQN QXPEAESQQ05RSSJN2ANM ALJFIMWHX90K7KHKQK 4JXGOO4MJI7YMFA1XX2MDJBOEYPPNAWY7B9TS9E576B7QFR9DFNU1XY D YW5E2 E6T0Q0715DS826KOLPJ9ONQEER2U1H0N0NA8DKXD4YHPPPV383YHTESQ6FY8H6130WFHWOFQSD8B08BUQL6X82'),
('V3FSS', 'OHTY3', 'LDW F5PYWEXA6QOOCG', '0747-05-24 06:05:04', 4, 'EKAB2OY7K362H5D2D 8NVBM OXIAGVCT3KJIPGE8ECGFBRWW0JWARGW9SHL1PJLRSX8WSPD79AEG2T7YNEQAAGYOU12EKR0TET 4R6RG61XNFMP5LU6EKE 0Q8ALTJQTNJ61A6 7URUV6 8AW3OKRUIVYPJ1AHADUD9R7IRFNLW6B80U5JK5BUJLR5 H1PMYXNGQGKAVKSOYY8O6OG2NQ3DAXBPXBS3RKQYO5740AKQUEEBDG8AYPPVW YNPHXG'),
('WXP33', 'P1K4O', '533TK84E592S3Q15Y5', '0001-01-01 00:00:00', 16, '5P4LM6WPK578A76H28HAFTDUMRDQHOD LRSLSDO8 FJ IRRAVY5FYPKETVIWUN7PQ72JVIJSHYKY8L97WIL1DRSCQELRULG40XH2ALM5Y95UGW9RS98AJOA51QQ3GUB 8N9SC 9NQLRG38HYN81C8DEYP RNI31NQR7E89X3LYJL CSGV9QE24PB7369U94Y4KWL499UN6A4TB8DE1MNOEXEER3T2K6AI3G5160UGUHV9H1BGXRCJ0WUIHA7TG0'),
('XGYPW', 'PS2H', 'VBE9HOBM3E3KNV54SH', '1846-11-28 16:10:36', 8, 'EFQPNDK2JTGL1N6R3R2MIMC3EAOFWW1J5B F75EFKMB3B0MWE0WI6F07IO17R40R1JXWKUQR7WSHL63ISY33B8K66TXBXGOL2AFLCO 1RWEHY7QB371IN05X3YSO 8E8 MABFI029XJ5MM5YWEY94EC0JD ESAWM5SA7QM0BC9JQ K9QC932QF0XIESXA EJJY LEXN4A9NTKNGTAHGWPSKVMFEYL6FGUEY5PT L3BY831H37V23FMQS6SVH B '),
('Y8APA', 'RL5A1', 'YFDNQLMAJJD4PQRCU8', '1577-01-19 13:22:49', 2, 'O6I14Q4EQE9G YS49G2OXK3R 1QGIIBX CC7B6M201OVQAFOLCCN9V1VKWA5DKE EB8H4VV617IKGG8CFYIFRXW2M81UMBVMILYXM0EBBMNW6L6PFM YTX52704B5C4229MFEWODGLH3LV IF5N0D78WKT36ICEQWVRLUT1HBYR33FGXCTO331FT2QXPUYVE5JAWV4T2T1OONI59DJQKAS F9F 4  M0XVLH535T2SSB BN7QQWHWT1JV02AH3N');

--
-- Constraints for dumped tables
--

--
-- Constraints for table `dosen`
--
ALTER TABLE `dosen`
  ADD CONSTRAINT `FK_MATA_KULIAH_TO_KBK` FOREIGN KEY (`KBK_KODE`) REFERENCES `kbk` (`KBK_KODE`),
  ADD CONSTRAINT `FK_STAFF_TO_DOSEN` FOREIGN KEY (`STAF_NIP`) REFERENCES `staf` (`STAF_NIP`);

--
-- Constraints for table `dosen_to_vnv`
--
ALTER TABLE `dosen_to_vnv`
  ADD CONSTRAINT `FK_DOSEN_TO_VNV` FOREIGN KEY (`DOSEN_KODE`) REFERENCES `dosen` (`DOSEN_KODE`),
  ADD CONSTRAINT `FK_DOSEN_TO_VNV2` FOREIGN KEY (`VNV_KODE`) REFERENCES `vnv` (`VNV_KODE`);

--
-- Constraints for table `mata_kuliah_to_dosen`
--
ALTER TABLE `mata_kuliah_to_dosen`
  ADD CONSTRAINT `FK_MATA_KULIAH_TO_DOSEN` FOREIGN KEY (`DOSEN_KODE`) REFERENCES `dosen` (`DOSEN_KODE`),
  ADD CONSTRAINT `FK_MATA_KULIAH_TO_DOSEN2` FOREIGN KEY (`MATKUL_KODE`) REFERENCES `mata_kuliah` (`MATKUL_KODE`);

--
-- Constraints for table `nilai`
--
ALTER TABLE `nilai`
  ADD CONSTRAINT `FK_RUANG_UJIAN_TO_NILAI` FOREIGN KEY (`RUANGAN_KODE`, `UJIAN_KODE`) REFERENCES `ruangan_ujian` (`RUANGAN_KODE`, `UJIAN_KODE`),
  ADD CONSTRAINT `nilai_ibfk_1` FOREIGN KEY (`RUANGAN_KODE`) REFERENCES `ruangan_ujian` (`RUANGAN_KODE`),
  ADD CONSTRAINT `nilai_ibfk_2` FOREIGN KEY (`UJIAN_KODE`) REFERENCES `ruangan_ujian` (`UJIAN_KODE`);

--
-- Constraints for table `ruangan_ujian`
--
ALTER TABLE `ruangan_ujian`
  ADD CONSTRAINT `FK_BERITAACARA_TO_RUANGANUJIAN` FOREIGN KEY (`BERITA_KODE`) REFERENCES `berita_acara` (`BERITA_KODE`),
  ADD CONSTRAINT `FK_RUANGANUJIAN_TO_STAF` FOREIGN KEY (`STAF_NIP`) REFERENCES `staf` (`STAF_NIP`),
  ADD CONSTRAINT `FK_RUANGANUJIAN_TO_UJIAN` FOREIGN KEY (`UJIAN_KODE`) REFERENCES `ujian` (`UJIAN_KODE`),
  ADD CONSTRAINT `FK_RUANGAN_TO_RUANGANUJIAN` FOREIGN KEY (`RUANGAN_KODE`) REFERENCES `ruangan` (`RUANGAN_KODE`);

--
-- Constraints for table `soal`
--
ALTER TABLE `soal`
  ADD CONSTRAINT `FK_MATA_KULIAH_TO_SOAL` FOREIGN KEY (`MATKUL_KODE`) REFERENCES `mata_kuliah` (`MATKUL_KODE`);

--
-- Constraints for table `storage_soal`
--
ALTER TABLE `storage_soal`
  ADD CONSTRAINT `FK_RELATIONSHIP_12` FOREIGN KEY (`SOAL_KODE`) REFERENCES `soal` (`SOAL_KODE`),
  ADD CONSTRAINT `FK_USER_TO_STORAGE` FOREIGN KEY (`STAF_NIP`) REFERENCES `user` (`STAF_NIP`);

--
-- Constraints for table `ujian`
--
ALTER TABLE `ujian`
  ADD CONSTRAINT `FK_EVENT_TO_UJIAN` FOREIGN KEY (`EVENT_KODE`) REFERENCES `event` (`EVENT_KODE`),
  ADD CONSTRAINT `FK_SOAL_TO_UJIAN` FOREIGN KEY (`SOAL_KODE`) REFERENCES `soal` (`SOAL_KODE`);

--
-- Constraints for table `user`
--
ALTER TABLE `user`
  ADD CONSTRAINT `FK_STAF_TO_USER` FOREIGN KEY (`STAF_NIP`) REFERENCES `staf` (`STAF_NIP`);

--
-- Constraints for table `user_to_role`
--
ALTER TABLE `user_to_role`
  ADD CONSTRAINT `FK_USER_TO_ROLE` FOREIGN KEY (`STAF_NIP`) REFERENCES `user` (`STAF_NIP`),
  ADD CONSTRAINT `FK_USER_TO_ROLE2` FOREIGN KEY (`ROLE_KODE`) REFERENCES `role` (`ROLE_KODE`);

--
-- Constraints for table `vnv`
--
ALTER TABLE `vnv`
  ADD CONSTRAINT `FK_SOAL_TO_VNV` FOREIGN KEY (`SOAL_KODE`) REFERENCES `soal` (`SOAL_KODE`),
  ADD CONSTRAINT `FK_USER_TO_VNV` FOREIGN KEY (`STAF_NIP`) REFERENCES `user` (`STAF_NIP`);

/*!40101 SET CHARACTER_SET_CLIENT=@OLD_CHARACTER_SET_CLIENT */;
/*!40101 SET CHARACTER_SET_RESULTS=@OLD_CHARACTER_SET_RESULTS */;
/*!40101 SET COLLATION_CONNECTION=@OLD_COLLATION_CONNECTION */;
